actual,predicted,detected_language,excerpt
Average,Positive,dutch,"Het is een vreemd, maar op de een of andere manier indrukwekkend verhaal over liefde. Persoonlijk kom ik in het echte leven nog nooit zo'n twist-off-verhaal teg"
Positive,Average,dutch,Met enige nieuwsgierigheid heb ik deze film bekeken. Ik wilde zien of 1) Paul Muni Chinees kon spelen en 2) Luise Rainer haar Oscar verdiende. Ik verliet de fil
Average,Positive,dutch,"Heb deze film net op dvd gezien en vond het acteerwerk erg goed, maar het algehele verhaal liet veel te wensen over. Deze film heeft dezelfde textuur en uitstra"
Positive,Average,dutch,"Henry Fool van Hal Hartley was een onafhankelijk filmmeesterwerk en zeker zijn beste werk. Het heeft een enorme karakterdiepte, subtiele, gecompliceerde dialoge"
Average,Positive,dutch,Ik heb deze film onlangs gezien in mijn International Business-klas. Ik had niets anders verwacht dan weer een saaie documentaire (om niet te zeggen dat ik niet
Positive,Average,dutch,Dit is een betere bewerking van het boek dan die met Paltrow (hoewel ik die ook leuk vond). Het is niet zozeer dat Beckinsale beter is – ze zijn allebei erg goe
Positive,Average,dutch,Ik vond deze film erg vermakelijk. Ik heb deze film met mijn vrouw bekeken VOORDAT ik mijn eerste kind kreeg. Daarom zag ik het niet als gewoon familie-entertai
Positive,Average,english,"One shot, one kill, no exceptions. A must see if you are into marines or snipers. two big thumbs up! Great overall storyline, great camera work, good drama, act"
Average,Positive,dutch,"De mannen kunnen genieten van Lollo, als ze dat willen (of haar lollos – ze heeft haar naam gegeven aan jargontermen voor borsten in het Frans), maar de dames h"
Average,Positive,dutch,"Als Jack Nicholsons regiedebuut Drive, laat He Said op zijn minst zien dat hij een begaafd acteursregisseur is. Zelfs als het verhaal de weg lijkt te verliezen "
Positive,Average,dutch,De Duitse middeleeuwse saga van Fritz Lang gaat verder in Die Nibelungen: Kriemhilds Rache (1924). Kriemhild (Margarete Schoen) wil haar vermoorde echtgenoot Si
Average,Positive,dutch,Er zijn weinig films of films die ik door de jaren heen als favorieten beschouw. De Evangelieweg was er één van. Ik heb dit als jonge tiener gezien en zou het g
Average,Positive,dutch,Deze film is perfect voor gezinnen om samen te kijken. Het is een geweldige film en verdient meer krediet. De speciale effecten zijn adembenemend en spectaculai
Positive,Average,dutch,Het is moeilijk voor mij om alles wat Mitzi Kapture doet te bekritiseren. Ze straalt gewoon schoonheid en gratie uit op het scherm en is een fenomenale actrice.
Negative,Average,dutch,"Deze film was vanuit elke hoek extreem slecht bedacht, behalve technologisch. Ik stond te kijken hoe iedereen de theaterzaal uit waggelde, hun gezichten vertrok"
Average,Positive,dutch,"Dit was een heel goede film. Ik ging er niet met hele hoge verwachtingen in en was aangenaam verrast door het acteerwerk, het script en de decors. Miranda Richa"
Positive,Average,dutch,"De vredestichter afslachten? Blijkbaar. Na het gewelddadige begin waarin Spike, Tom en Jerry allemaal naar elkaar zwaaien, stopt Butch en wil weten waarom. Dat "
Positive,Average,english,"Care Bears Movie 2: A New Generation isn't at all a bad movie. In fact, I like it very much. Yes I admit the dialogue is corny and the story is a bit poorly tol"
Negative,Positive,dutch,"Ik voel me vaak Scrooge, die films afkeurt waar anderen enthousiast over zijn - of ik schrijf de recensie om ongerechtvaardigde raves in evenwicht te brengen. I"
Positive,Average,dutch,"De meer dan levensgrote figuren van Wyatt Earp en Bat Masterson, en de geesten van George Armstrong Custer en Sitting Bull, doemen op boven de enorm vermakelijk"
Average,Positive,dutch,"Sayonara, uitgebracht in december 1957, verdiende acht Oscar-nominaties en zou vier overwinningen behalen. Red Buttons won de Oscar voor Beste Mannelijke Bijrol"
Positive,Average,dutch,"Een zwerver die op zoek is naar een baan wordt in een klein stadje in Wyoming aangezien voor een huurmoordenaar, wat tot allerlei complicaties leidt. Cage is pe"
Average,Positive,dutch,De film concentreert zich grotendeels op de pestende Robert Taylor als meedogenloze buffeljager en de mensen die hem moeten verdragen. Het speelt zich af te mid
Average,Positive,dutch,Als grote honkbalfan kijk ik naar deze film hoe realistisch hij lijkt. Dennis Quaid had alle juiste bewegingen en houdingen van een Major League-werper. Het is
Positive,Average,dutch,Een team archeologen ontdekt een echte schat: de kroon van de koningin van Sheeba. Vanuit Egypte zal de kroon per stoomschip naar San Francisco worden overgebra
Positive,Average,dutch,"Er zitten een paar spoilers in deze reactie!!<br /><br />In tegenstelling tot de reacties die ik zojuist heb gelezen door nativetex4u en een paar anderen, vond "
Positive,Average,english,"At first sight, Who's Singing Over There just seems to be an absurd and excellent comedyÂ… with only a kind of unusual, quiet and slow motion : what a mistake !"
Positive,Average,dutch,"Weten wanneer je een film moet beëindigen is net zo belangrijk als casten, regisseren en acteren. En het is leuk om te zien wanneer een regisseur/script het goe"
Positive,Average,dutch,The Last Wave is een van die films die sterk afhankelijk zijn van de geest. De titel verwijst naar de Aboriginal doemsdagtheorie: er zal nog een laatste golf zi
Positive,Average,dutch,"Misschien wel de meest aangrijpende en intelligente misdaadfilm is Otto Preminger's 'Where the Sidewalks Ends', naar een uitstekend script van Ben Hecht, gebase"
Positive,Average,dutch,Ook bekend als de Grote Spookoorlog. The Great Yokai War is Miike's poging tot een familiefilm en hij doet het ook verdomd goed. Het probleem is dat ik me niet
Positive,Average,english,"This is one of the first independent movies I've ever seen. For such a very low budget, it was done well; as an insomniac myself, I can sympathize with the main"
Positive,Average,dutch,Dit was een mooi voorbeeld van hoe een interessante film gemaakt kan worden zonder gebruik te maken van grote sterren en grote effecten. Vertel gewoon een waarg
Average,Positive,dutch,Ik ben een grote fan van Morgan Freeman. 'The Shawshank Redemption' staat bovenaan mijn favoriete films aller tijden. Maar ik moet toegeven dat ik me vaak heb a
Positive,Average,dutch,Ik twijfel er niet aan dat Victor McLaglen zijn Oscar voor Beste Acteur voor deze film heeft gewonnen vanwege een drievoudige verdeling tussen de Mutiny on the
Positive,Average,dutch,"Dit is de meest meeslepende en uitmuntende prestatie die Robert Taylor ooit heeft gegeven. Het overtreft zelfs zijn geweldige optreden als ""Johnny Eager"", veert"
Negative,Average,dutch,Tashan - de titel zelf verklaart de aard van de film.<br /><br />Dit soort films zijn eigenlijk gemaakt voor de flop. Wat jammer dat Yash Raj Films zulke films
Negative,Average,dutch,"Dr. K (David H Hickey) probeert een formule onder de knie te krijgen die een einde zou maken aan alle ziekten en handicaps, maar heeft levende donoren nodig om "
Average,Positive,dutch,"Ik zag deze film toen ik klein was: hij heette ""Glacier Fox"". Ik was er helemaal getraumatiseerd door! Het volgt een schattige kleine vossenfamilie. Het begin w"
Average,Positive,dutch,"THE FOX AND THE CHILD is de nieuwste film van MARCH OF THE PENGUINS-filmmaker Fransman Luc Jacquet. De film, met slechts één mens in de cast, de jonge actrice B"
Positive,Average,dutch,Na een moeilijke periode van zeven jaar op NBC werd besloten om nog één laatste Super-aflevering uit te voeren. De Series was verschillende keren op de markt ge
Average,Positive,dutch,"Eigenlijk heeft deze film gekke momenten, zowel in het claymation-gedeelte als in het Joe Pesci en kinderen-gedeelte, en het is veel erger dan andere MJ-films z"
Positive,Average,dutch,"Ik heb een flyer meegenomen om deze film te huren, maar ik moet zeggen dat hij heel erg goed was. Op alle fronten: script, cast, regisseur, fotografie en hoge p"
Average,Positive,dutch,"Ik haat het om recensies te lezen die zoiets zeggen als: 'Verspil je tijd niet, deze film stinkt naar ijs.' Voor die recensent heeft het voor mij misschien een "
Positive,Average,dutch,Met trots kan ik zeggen dat ik een onversneden exemplaar bezit van dit heerlijke stuk Crown International drive-in sexploitation comedy cheese uit de jaren 70 o
Positive,Average,dutch,"Ik hield van deze film. Het landschap was adembenemend, de plot had een aantal leuke wendingen en de karakters waren goed afgerond. Op twee fronten scoorde ‘Rob"
Positive,Average,dutch,Dit is een echte eye-candy. Een wereld gemaakt van drijvende eilanden en vliegende oude steden. Enorme monsters wier favoriete aanvalsmethode het gooien van kat
Positive,Average,dutch,"Disney, de filmnaam die ooit stond voor alles wat onschuldig en geschikt is voor alle leeftijden, begint eindelijk te beseffen dat het diverser moet worden om t"
Average,Positive,dutch,"Vader is nog steeds op zakenreis, kopte een recensie na de première van 'Promise Me This' in Cannes. Ik begrijp wel waarom velen denken dat dezelfde maar unieke"
Average,Positive,dutch,"Ik ben een grote liefhebber van klassieke films, maar ik begin net met stomme films. Veel stomme films houden mijn aandacht niet vast, maar Show People is een o"
Positive,Average,dutch,Na het bekijken van meerdere afleveringen van deze serie ben ik tot de conclusie gekomen dat televisieproducenten totaal verstoken zijn van enige vorm van origi
Positive,Average,dutch,"Michael Winner is waarschijnlijk het meest bekend om zijn films met wraakthema's, zoals ""Death Wish"" en ""Chato's Land"", maar hij is net zo begaafd als regisseur"
Negative,Average,dutch,Hier zijn enkele voorbeelden van Pat Robertsons die twijfelachtig beweerde dat hij een “relatief goede staat van dienst” had op het gebied van voorspellingen<br
Average,Positive,dutch,"Dit is hoe ik over de show denk.<br /><br />Ik begon de show in herhalingen te bekijken in 2001.<br /><br />Ik geniet van de show, maar er zaten te veel fouten "
Average,Positive,dutch,Verwacht geen weergave van de ‘waarheid’. De verhalen van deze veteranen uit de oorlogen in Irak en Afghanistan vereisen echter een zorgvuldige overweging. <br
Average,Positive,dutch,"Het probeert het epische avontuur van de eeuw te zijn. En met een cast als Shó Kasugi, Christopher Lee en John-Rhys Davies is het werkelijk het perfecte B-avont"
Positive,Average,english,"The fully rounded character of the principal role of this movie, that of the cop torn up by his past and on a path of self-destruction so clear to the viewer, i"
Negative,Average,dutch,"De Slackers, zoals genoemd in deze film, zijn drie studievrienden Dave, Jeff en Sam (respectievelijk Devon Sawa, Michael Maronna en Jason Segel), die op het pun"
Positive,Average,dutch,"Deze film is als marmite. Je houdt ervan of je haat het. Als je deze film binnengaat en een goede film verwacht met fatsoenlijke productiewaarden, een goed plot"
Positive,Average,dutch,"In een klein stadje in Montana groeien twee broers op. Eén van hen is Norman (Craig Sheffer), de ander is Paul (Brad Pitt). Hun vader is dominee Maclean en ze g"
Average,Negative,dutch,"Deze krijgt overal op de kaart recensies omdat hij niet in elke mal past. Het is horror, maar geen spetterfestijn. Het is zowel spanning als horror, maar dan zo"
Positive,Average,dutch,"Damon Runyons wereld op Times Square in New York, voorafgaand aan de Disneyficatie, vormt de basis voor deze musical. Joseph L. Mankiewicz, een man die verstand"
Average,Positive,dutch,"Dit is een behoorlijk saaie film. Goed gefotografeerd met realistische uitvoeringen, vooral een zeer goede van Depardieu als een cad en bad boy met overal een r"
Average,Positive,dutch,Voor Urban Cowboy speelt John Travolta een van de sterkere alfamannetjes die ooit op het grote scherm zijn geportretteerd. Hij is een fatsoenlijk genoeg jonge j
Average,Positive,dutch,"Ik vraag me nog steeds af waarom ik deze film heb gezien. Toegegeven, voordat ik deze film bekeek, wist ik vrijwel niets van de Beatles. Ik kende niet eens al h"
Positive,Average,dutch,Richard Willaims is een animatiegod. Bij het regisseren van deze film werd hij door de producent gehinderd. Het eindproduct is een zeer ongelijkmatige film met
Positive,Average,dutch,"De basisverhaallijn hier is: Aditiya (Kumar) is de verwende zoon van een miljonair, Ishwar (Bachan) die eigenaar is van een speelgoedindustrie. In Ishwar's ogen"
Average,Positive,dutch,"Trey Parker en Matt Stone, de makers van de show 'South Park', keren terug met iets heel anders. Ze creëren een nieuwe sport die honkbal en basketbal combineert"
Average,Negative,dutch,"Het is niet verfijnd, en niemand op de aftiteling heeft een geweldige carrière gehad, maar over het geheel genomen, omdat er geen beroemde persoonlijkheden zijn"
Positive,Average,dutch,Eerlijk gezegd is deze film over de hoofden van de meeste tegenstanders heen gegaan.<br /><br />Het tegenovergestelde van verderf (verloren zijn) is verlossing
Positive,Average,dutch,"Dit is nog steeds de maatstaf om alle whodunnits uit de Gouden Eeuw op te beoordelen, en rekening houdend met de beperkte technologie en twijfelachtige ethische"
Positive,Average,dutch,Zelfs in de 21e eeuw is het krijgen van kinderen gevaarlijk: vrouwen krijgen miskramen en bevallen voortijdig. Vijfenzeventig jaar geleden was het niet ongebrui
Positive,Average,english,"First and foremost I would like to say that I'm a huge Sarah Silverman fan, and having other people say that and then rag on the pilot is beyond me. Everything "
Positive,Average,dutch,"Als iemand die in de buurt van Buffalo, New York woont, scoorde deze film bij mij al punten voordat ik hem zelfs maar zag, aangezien het verhaal hier is gebasee"
Positive,Average,dutch,Een zachtaardige jonge bergman met een droevig verleden (Henry Thomas) komt een verlaten babymeisje tegen in het bos en wordt op slag verliefd op haar. De stads
Average,Positive,dutch,Dit is de eerste uit de Guinea Pig-serie en is een van de beruchtste films uit de collectie.<br /><br />Het heeft lang geduurd voordat ik eindelijk een exemplaa
Average,Positive,dutch,"Ik zag dit vorige week op SBS TV hier in Australië, met de titel ""Laputa: Castle in the sky"". Ik had ondertitels ingeschakeld en ik denk dat SBS daarvoor hun ei"
Average,Positive,dutch,Mijn broers en zussen en ik kwamen The Champions tegen toen onze plaatselijke zender op een zomer in de jaren zeventig herhalingen ervan uitzond. Wij waren er a
Positive,Average,dutch,Ik was op dezelfde scenarioschrijversconferentie en zag de film. Ik vond dat de schrijfster – Sue Smith – heel duidelijk samenvatte waar de film over ging. De f
Average,Positive,dutch,Soylent Green is een van de beste en meest verontrustende sciencefictionfilms van de jaren zeventig en zelfs naar huidige maatstaven nog steeds zeer overtuigend
Positive,Average,english,"John Waters has given us a genuinely enjoyable film. This certainly isn't without its shocking Waters-esque moments, but it is tamer than his older culty stuff,"
Negative,Average,dutch,"Deze film bewijst dat de ‘commerciële’ cinema, of anders de Hollywood-films, in een ernstige crisis verkeren. Er is absoluut geen reden dat deze film geproducee"
Average,Positive,dutch,"Ik heb zojuist deze geweldige, goedaardige parodie op Night of the Living Dead gezien, en ik moet zeggen dat het zo verschrikkelijk en zo oubollig was dat het u"
Positive,Average,dutch,"Garde Ã Vue moet een aantal keren gezien worden om de subplots die het bevat te begrijpen. Als je niet gewend bent aan Franse langdradige films, gebaseerd op co"
Positive,Average,dutch,"Ik voelde me meegezogen in de wereld van de manipulatie van geest en wil, die centraal staat in het verhaal. Het acteerwerk van Nolte, Lee, Arkin en de onderste"
Positive,Average,english,"It's interesting how the train of research can flow. I started out looking at an article about Cristo's ""The Gates"" in Central Park. The article stated that the"
Average,Negative,dutch,Volgens dit bord denk ik dat je er dol op bent of er een hekel aan hebt. Normaal gesproken gaat dat met alle films. Het is echter niet nodig om met anderen op d
Positive,Average,dutch,"Omdat ik al eerder van Modesty Blaise had gehoord, maar nog nooit een roman of stripverhaal had gelezen, vonden mijn vrouw en ik de film erg leuk. Het leverde o"
Positive,Average,english,"I saw this film at the Toronto International Film Festival. Not as salacious as it sounds, this is a three-part documentary (each episode is 50 minutes) featuri"
Positive,Negative,dutch,Ik zou deze show een tien op tien geven als de scheetgrappen er niet waren. Jullie mensen zijn zo verdomd gevoelig dat het zinloos is! Zo snel wijzen ze op het
Negative,Positive,dutch,"Deze show is een perfect voorbeeld van hoe de CBC zich moet houden aan nieuws, sport of satirische sketchcomedy. Als ontwikkelaar van komische tv-series heeft C"
Average,Positive,dutch,"Hoe strakker het drama, hoe beter de film over zusterrivaliteit! Dit juweeltje werd bij de release in Zweden vooral gepromoot als komedie, dus ik ben blij dat d"
Positive,Average,dutch,Nog zo'n film waar je van vrienden over hoort (...of waarover je leest op IMDb). Er zitten niet veel valse noten in deze. Ik kon zien hoe ongeveer alles hier we
Positive,Average,dutch,De film gaat over Anton Newcombe. De muziek en carrières van de twee bands vormen slechts een achtergrond. Het is alleen maar eerlijk dat Newcombe het laatste w
Positive,Average,dutch,"Nou ja, natuurlijk niet, vrouwen zijn over het algemeen overdreven gevoelig en behoeftig, wat interessant wordt weergegeven van moeder tot hoer, hoewel er niet "
Average,Positive,dutch,"Goed gemaakt maar eigenlijk somber low-life melodrama dat, volgens het begeleidende interview met hoofdrolspeler Isabelle Huppert, schrijver/regisseur Pialat, d"
Positive,Average,dutch,"Op het eerste gezicht lijkt deze film niet bepaald geweldig. Een Bette Davis-film met slechts 166 stemmen op IMDb en een beoordeling van 6,5 moet immers een beh"
Average,Positive,dutch,Ik dacht eerder dat deze film de lamste van de Muppet-films was. Ik wil die uitspraak nu graag intrekken. Naar mijn mening was de saaiste MUppet-film de tv-film
Positive,Average,dutch,"Ik heb enorm genoten van deze mysterieuze thrillerfilm uit 1945 over een jonge vrouw, Nina Foch (Julia Ross), die zonder werk zit, een huurachterstand heeft opg"
Negative,Average,dutch,Deze film heeft alle kenmerken van te veel koks die de stoofpot bederven. Gebaseerd op de autobiografie van Shielah Graham lijkt het erop dat de machthebbers he
Average,Positive,dutch,"Deze film is een geweldige non-stop lachrel die alle gebruikelijke ingrediënten van een Dawid Dhawan-komedie bevat: stuntelige helden, gekke ondersteunende pers"
Positive,Average,dutch,"Omdat ik de films nog niet eerder had gezien (en Matt Damon niet kon uitstaan), aarzelde ik om naar The Bourne Ultimatum te gaan toen ons werd gevraagd om het t"
Positive,Average,dutch,"Afgezien van de gebruikelijke stereotypen uit de jaren dertig, Eugene Pallette als de norse rechercheur bij de politie, Jack La Rue als de ‘donkere’ Italiaan en"
Positive,Average,dutch,"Als mijn verwachtingen niet werden overtroffen, werden ze zeker waargemaakt. ""Nancy Drew"" werkt zowel als mysterie als als komedie. Het is een eerbetoon aan de "
Positive,Average,english,. . .but it was on a UHF channel and the reception was very fuzzy. I'd really like to own the movie since the reason I watched it in the first place is because
Average,Positive,dutch,"Ik zag de laatste vijf of tien minuten van deze film in 1998 of 1999 op een avond toen ik aan het surfen was voordat ik naar bed ging, en ik vond wat ik zag erg"
Negative,Average,dutch,"Er zijn zoveel reacties op deze film, maar ik vond ze misleidend. Dit is een overdreven, overdreven scenario waarin een normaal mens zonder duidelijke reden een"
Positive,Average,english,"This is the Neil Simon piece of work that got a lot of praises! ""The Odd Couple"" is a one of a kind gem that lingers within. You got Felix Ungar(Jack Lemmon); a"
Positive,Average,dutch,"Het symbolische gebruik van objecten, de vormbewerking, de positie van de personages in de scène... het werd allemaal met zo'n vreugdevolle overgave door Hitchc"
Average,Positive,dutch,"Ik verwacht niet dat deze film goed begrepen zal worden door kijkers uit Roemenië. Dit vertelt zeker iets over de waarde, of misschien over het gebrek aan unive"
Positive,Average,dutch,"Met de snelle afwisseling van scènes van krankzinnige mensen in een gesticht, en montage/superpositie van beelden, en vage, met elkaar verweven verhalen, is dit"
Positive,Average,english,"Classic, highly influential low budget thriller that gave birth to a horror icon and launched the careers of both director Carpenter and star Curtis.<br /><br /"
Average,Negative,dutch,Was dit gebaseerd op een stripboek? Een videogame? Een tekening van een 3-jarige? <br /><br />Er is helemaal niets in deze film dat serieus genomen moet worden;
Positive,Average,dutch,"Als je moeite hebt met het opschorten van ongeloof, dan is dit niets voor jou. Denk eens na: een vrouw die al op middelbare leeftijd is, vindt een pasgeboren ba"
Average,Positive,dutch,"Terwijl ze op haar sterfbed ligt, herhaalt Ann Lord (Vanessa Redgrave) de naam ""Harris"" en herinnert ze zich de dag in de jaren 50 toen ze een aspirant-zangeres"
Average,Positive,dutch,Ik heb deze film een ​​paar weken geleden gezien en sindsdien zit hij in mijn hoofd. Er spelen twee betoverende personages in een helaas middelmatige documentai
Average,Positive,dutch,Op een avond ving ik de laatste helft van deze film op via de kabel en het viel me op hoe morbide het was. Zelfs als een van de twee slachtoffers het meest acht
Average,Positive,dutch,Luister niet naar de preutse critici die waarschijnlijk bittere gamers zijn die nog steeds pijn hebben van de geroosterde Silverman die ze een paar maanden gele
Average,Positive,dutch,Sandler is weer geweldig... Ik ben al een Sandler-fan geworden. Deze film is het meest trieste Sandler-verhaal. De uitdrukking is fantastisch. Ik huilde meer bi
Average,Positive,dutch,"Der Todesking is niet bepaald het soort film waar je vrolijk van wordt… Jörg Buttgereits tweede cultmonument op rij, dat eigenlijk een stuk beter is dan het ber"
Average,Positive,dutch,Ik had deze film sinds eind jaren 80 niet meer gezien en besloot de VHS-versie ervan op te halen. De plot is erg traag en de acteurs lijken bijna robotachtig in
Positive,Average,dutch,Oorspronkelijk huurde ik deze film voor mijn dochter omdat ze dol is op voetbal - en op die manier werd ik niet teleurgesteld (behalve dat de plot de voetbalscè
Average,Positive,dutch,Tijdens het repeteren van Carmen van Bizet neemt de middelbare choreograaf Antonio (Antonio Gades) de sexy Carmen (Laura del Sol) mee om de hoofdrol te vertolke
Positive,Average,dutch,"Een heel ander onderwerp dat in deze film wordt behandeld. Een duidelijke en eenvoudige beschrijving van lokale Chinese gebruiken, door te kijken naar de dageli"
Negative,Positive,dutch,deze film levert. het beste is wanneer de onhandige tienerbuurman probeert weg te fietsen van de babysitter en op de achtergrond lijkt alsof hij nog nooit in de
Positive,Average,dutch,"Shinjuku Triad Society is, zij het van perfectie, een zeer meeslepende film voor wat hij probeert weer te geven in zijn uiterst conventionele rijk. Het is een y"
Average,Positive,dutch,"In 2006 bekroonde de AMPAS een van de meest innovatieve documentaires over wilde dieren op de koudste plek op aarde: March of the Penguins, verteld door Oscar-w"
Negative,Positive,dutch,"James Gandolfini is een goede acteur, dus wat heeft hij ooit een rol gespeeld in dit stuk niet-grappige onzin. Affleck is slechts een lichtgewicht die het gewoo"
Average,Positive,dutch,Ik beschouw dit als de beste van de Zorro-hoofdstukken. De opwindende muziekscore voegt punch toe aan een opwindend scenario. Er is een uitstekende ondersteunen
Average,Positive,dutch,"Misschien hoopte Disney op nog een Mary Poppins, maar dit is een heel ander verhaal en hoewel Angela geweldig is, was ze een heel andere artiest dan de geweldig"
Positive,Average,dutch,"Ik had deze op mijn TIVO geplaatst voor een regenachtige dag vanwege de cast en een aantal heel hardwerkende mensen in de industrie, en toen ik eindelijk keek, "
Average,Positive,dutch,"Een prachtig stukje kinderfilm, begraven in een wereld van archaïsch Keltischisme. Het verhaal speelt zich af rond het beroemde Boek van Kels, vermoedelijk same"
Average,Positive,dutch,Branagh en Fishburne leveren uitstekende prestaties in deze versie van de Shakespeare-klassieker. Branagh speelt Iago beter dan ik het personage in film of op h
Positive,Average,dutch,"Hoewel ik mezelf geen grote fan van sprookjesfilms beschouw, intrigeerde Stardust me omdat ik Michelle Pfeiffer in de trailers als slechterik zag (vooral omdat "
Average,Positive,dutch,Een charmante kleine film die zich afspeelt in Groot-Brittannië over de reünie van een (bijna) meidenswingband uit de Tweede Wereldoorlog. Een fijne cast van ou
Positive,Average,dutch,Ongeveer een jaar geleden keek ik naar het tv-nieuws toen er een verhaal werd uitgezonden over een zombiefilm die in mijn omgeving werd opgenomen. Sindsdien heb
Positive,Average,dutch,"Ik heb bepaalde films op schijf gekocht, ook al was de tweederangspresentatie geen optie. Een bepaald bedrijf dat ik hier niet zal noemen, heeft verschillende p"
Average,Positive,dutch,Gezien de aard en herkomst van de 11 filmmakers is het niet verwonderlijk dat deze film op zijn best neutraal staat tegenover Amerika. Het meest 'anti'-segment
Positive,Average,english,"This was a great movie with a good cast, all of them hitting on all cylinders. And when Dianne Keaton is at her best, well, it just doesn't get any better than "
Positive,Average,english,"I admit I had some trepidation when I first saw the previews for this film. Was VH-1 treading on hollow ground here? I mean, Harris and Quinn don't really look "
Average,Positive,dutch,"Onze perverse duivel heeft het goed gedaan tijdens zijn eerste keer, dat is zeker. De muziek is de beste die een mens ooit zal horen, maar dat weet je al, tenzi"
Positive,Average,dutch,"Dit is een uitstekende, snelle thriller van Wes Craven (Nightmare on Elm Street), die 85 minuten lang het bovennatuurlijke terzijde laat en ons iets nog angstaa"
Positive,Average,dutch,"Een aantal posters hebben gereageerd op de onbevredigende conclusie. Dit is altijd een probleem bij lange, complexe drama's. Misdaad is in wezen banaal, dus de "
Positive,Average,dutch,"Dit zal waarschijnlijk niet verkozen worden tot beste komedie van het jaar, een paar te veel toevalligheden en plotgaten. We hebben het echter over een film waa"
Positive,Average,dutch,"Ik herinner me dat de trailer van Legend of Zu behoorlijk indrukwekkend was en als fan van A Man Called Hero (mijn favoriet aller tijden), Storm Riders, besloot"
Positive,Average,dutch,"Preston Waters, een 11-jarige jongen, heeft problemen met zijn ouders en broers, vooral vanwege geldproblemen. Hij is gek om zijn eigen huis en zijn eigen regel"
Average,Positive,dutch,"Toen ik deze film opnieuw keek, kwamen er echt geweldige jeugdherinneringen naar boven. Ik ben nu 34 en heb het niet meer gezien sinds ik 12-14 was. Ik was deze"
Average,Positive,dutch,"Een mooie Shirely Temple short. Kindacteurs die hun tekst schreeuwden, leken de norm voor die dag en tijd. Misschien moest het ‘gezien en niet gehoord’ worden g"
Positive,Average,dutch,"Ik heb hem nooit op tv gezien, maar heb de dvd via Netflix gehuurd zodra ik ontdekte dat hij beschikbaar was. Ik had hoge verwachtingen en werd niet teleurgeste"
Average,Positive,dutch,"Deze werd geregisseerd door Ruggero Deodato, een waar icoon voor veel horrorfilmfans nadat hij de baanbrekende en beruchte Cannibal Holocaust regisseerde. Verwa"
Positive,Average,dutch,Ik heb gisteravond Detention gezien en wat ik zag vond ik leuk. Het was een coole leuke film. Dolph zag er geweldig cool uit op de fiets. Hij zag er ook goed ui
Average,Positive,dutch,A Family Affair neemt ons mee terug naar een minder gecompliceerde tijd in Amerika. Het is ontnuchterend om te zien hoe anders alles toen was. Het was een onsch
Positive,Average,dutch,Maléfique is een zeer interessante film. Het is een onheilige combinatie van triomfen en mislukkingen. Het centrale concept is geweldig: drie gevangenen met biz
Positive,Average,dutch,"Ik ben helemaal niet kieskeurig als het om horrorfilms gaat, en ik ben bereid ze vrijwel allemaal te bekijken. Dat betekent niet dat ik bereid ben veel ervan op"
Average,Positive,dutch,"Mardi Gras: Made in China is een uitstekende film die laat zien hoe twee culturen veel gemeen hebben, maar zich niet eens bewust zijn van de invloed die elke sa"
Positive,Average,dutch,"Sommige films slagen erin om bijna alleen op originaliteit te overleven - ""Wonderland"" is zeker een van die films. Het script slaagt erin om alles in een bijna "
Average,Positive,dutch,"deze film maakte me zo bang, ik ben echter snel bang, dus het is niet zo erg, maar deze film was eng en wie niet bang was voor deze film, ik ben verrast omdat i"
Positive,Average,dutch,"Direct volgend op het punt waar het verhaal ophield in deel één, is de tweede helft, waarin de onvermijdelijke ondergang en de veel grimmiger kant van de erfeni"
Positive,Average,dutch,"Goede spannende film, al lijkt het mij dat hij niet op locatie in Thailand is opgenomen, toch ziet hij er realistisch uit. Mooi verhaal over een aantal meiden d"
Average,Positive,dutch,"Ik ben een Jodie Foster-fan sinds we allebei kinderen waren, uit haar Disney-jaren. Ik hield van haar tomboy-capriolen in films als Candleshoe.<br /><br />'Foxe"
Average,Positive,dutch,"Een goed gemaakte, alledaagse film met een tragisch einde. Pluspunten: De manier waarop het verhaal zich ontwikkelt - begint met Soorya die worstelt om te leven"
Positive,Average,dutch,"Alle goede films ""inspireren"" een aantal direct-naar-video-copycat-films. Ik was bang dat ""Gladiator"" niet echt een goede film was, omdat ik al maanden geen enk"
Average,Positive,dutch,ik vond het behoorlijk interessant mijn leraar sociale studies/taalkunsten was de politiechef die de microfoon vasthield op het watertongedeelte =D ik was opgew
Average,Positive,dutch,Het team van Merian Cooper en Ernest Schoedsack produceerde een documentaire van 50.000 Bakhtiari-mensen en hun dieren over de zomermigratie naar winterweide. D
Average,Positive,dutch,"Ik zag deze film voor het eerst tijdens de cursus Internationale Filmstudies. Ik ben een 'niet-traditionele' student en waardeerde, misschien vanwege mijn jaren"
Negative,Average,dutch,De fatale fout van het bevel is - naast een idiote plot - dat de personages eenvoudigweg niet resoneren of zelfs maar reageren.<br /><br />Twee voorbeelden: een
Positive,Average,dutch,"Deze film vertoont kunstzinnige filmische technieken waarbij in plaats van dat het landschap de aandacht van de camera trekt, het kleine details zijn in hoe iem"
Positive,Average,dutch,Hoewel niet zo wild en uitzinnig als sommige latere films van Takashi Miike is dit een zeer goed misdaaddrama. <br /><br />Het basisverhaal is het verhaal van e
Positive,Average,english,"On September 11th, 2001, millions were killed; but 2,819 lives ended in an especially gruesome manner. They were the victim of a plane hijacking by extremists w"
Positive,Average,dutch,ik heb echt genoten van het kijken naar deze film. zoals de meeste mensen die ernaar keken. Ik was er niet zeker van dat ik het kreeg. Whoopi Goldberg is een er
Positive,Average,english,"Without doubt Beat Street is the best film about the breakin scene. Everything about it is spot on,the clothes (puma),the music and most importantly the dancing"
Average,Positive,dutch,Bovengemiddelde film en acteerwerk deels bedorven door de volkomen voorspelbare verhaallijn. Zelfs de muziek is zo gekozen dat de woorden elke keer bij de actie
Positive,Negative,dutch,"Het is niet de slechtste film ooit gemaakt, de acteurs zijn niet verschrikkelijk en het script en de regisseur zijn niet geheel onbekwaam. <br /><br />Het is ni"
Average,Positive,dutch,"Dit is de eerste Amerikaanse film die met succes de naturalistische stijl heeft overgenomen die Europeanen, vooral de Fransen en Belgen, al minstens tien jaar g"
Average,Positive,dutch,"Van alle prinsessenverhalen die Disney heeft uitgebracht, heeft Assepoester waarschijnlijk de meest blijvende aantrekkingskracht. Ik kan niet echt zeggen waarom"
Average,Positive,dutch,"Ik was me letterlijk aan het voorbereiden om deze film te haten, dus geloof me als ik zeg dat deze film het bekijken waard is. Over het geheel genomen zijn het "
Positive,Average,dutch,Ik had Richard Thomas nog nooit een slechterik zien spelen. Ik wist niet zeker of ik hem zo leuk zou vinden. En ik wist niet zeker of hij het voor elkaar zou kr
Positive,Average,dutch,"Begrijp me niet verkeerd. ""GoldenEye"" was revolutionair en is absoluut de beste FPS-game die gebaseerd is op de 007-franchise. Maar de serie was in een FPS-sleu"
Positive,Average,dutch,"Toen ik Birthday Girl zag, vond ik het zo leuk dat ik elke Nicole Kidman-film wilde zien die ik kon, maar ik vond ze allemaal een teleurstelling vergeleken met "
Average,Positive,dutch,Ik zag dit onlangs opnieuw op Comedy Central. Ik zou graag Jean Schertler (Memama) en Emmy Collins (Hippie in de supermarkt) als moeder en zoon in een film zien
Positive,Average,english,"Too bad a couple of comments before me don't know the facts of this case. It is based on actual events, a highly publicized disappearance and murder case taking"
Positive,Average,dutch,"WAARSCHUWING: MOGELIJKE SPOILERS (maar niet echt - blijf lezen). Ahhh, er zijn zoveel redenen om volkomen verslaafd te raken aan dit parodie-juweeltje dat ik ge"
Average,Positive,dutch,"Het was geweldig! De fotografie, montage, cinematografie en muziek brachten ons samen naar de gevaarlijke kant van een toeristische bestemming. Het was het geni"
Average,Positive,dutch,Mijn ouders namen me mee naar deze film toen ik negen jaar oud was. Ik ben het nooit vergeten. Ik had nog nooit zoiets moois gezien als Elizabeth Taylor. (Ze wa
Average,Positive,dutch,Moonchild is een heel moeilijke film om te categoriseren. Het is het gemakkelijkst om het te zien als verschillende momentopnamen van de levens van de twee hoof
Average,Positive,dutch,"Barbara Stanwyck geeft deze vroege door Douglas Sirk geregisseerde, door Universal geproduceerde soap precies de kick die hij nodig heeft. Lang niet zo gedenkwa"
Positive,Average,dutch,De gebeurtenissen van 11 september 2001 behoeven geen extra menselijke belangstelling in de vorm van het volgen van de training van de beginnende brandweerman o
Positive,Average,dutch,"Hé nu, ondergetekende, TheaterX, vond dit tijdens het doorzoeken van video's op de rommelmarkt, in bijna nieuwe staat, en bij het lezen van de achterkant van de"
Average,Positive,dutch,"Alle mensen die deze film recenseren, en waarschijnlijk veel professionele filmrecensenten, begrijpen het gewoon niet. Deze film is gemaakt met matterende seque"
Average,Positive,dutch,"Deze film is waarschijnlijk iets voor jou. Het had een algehele meditatieve kwaliteit, van de muziek tot de prachtige fotografie en het luisteren naar de vaak c"
Average,Positive,dutch,"Dit is echt een leuke film. Een daarvan waar je gedachteloos naar kunt kijken terwijl de plot steeds verwrongener wordt; steeds grappiger. Sally Field, Teri Hat"
Average,Positive,dutch,"GÃ³mez Pereira is verantwoordelijk voor enkele van de meest verachtelijke komedies van de nieuwste Spaanse cinema (kijk maar eens naar zijn curriculum vitae), d"
Negative,Average,dutch,De heer Perlman levert een opvallende prestatie (zoals gewoonlijk). Helaas moet hij worstelen met een onderschreven script en een aantal onzinnige spelhervattin
Positive,Average,dutch,"De energieke jonge producer van theatrale prologen (die geënsceneerde uitvoeringen, meestal muzikaal, die vroeger vaak in de grotere bioscopen te zien waren) mo"
Average,Positive,dutch,"Dit is de tweede film die ik heb gezien van Ida Lupino als regisseur, na 53's The Hitch-hiker. Ik denk dat deze een betere film was dan die. Deze heeft een meis"
Positive,Average,dutch,"Liefde doet pijn. Dat is, denk ik, de belangrijkste boodschap die Mike Binders nieuwste film Reign Over Me overbrengt. Of die liefde er nu voor heeft gezorgd da"
Positive,Average,dutch,Dit is een mooi stukje werk. Zeer sexy en boeiend genoeg om mijn interesse gedurende het hele verhaal vast te houden. Het grootste nadeel is dat het lijkt alsof
Average,Positive,dutch,"Ongeveer tweehonderd leden van een filmvereniging uit Cleveland, Ohio, genaamd Cinematheque, kwamen op 19 augustus 2000 bijeen om een ​​ongerepte Cinemascope-af"
Positive,Average,dutch,"Ik denk niet dat ik Walter Matthau ooit echt de eer heb gegeven als komisch artiest. Hij is zeker geweldig geweest in tal van luchtige rollen, maar ik denk dat "
Positive,Average,dutch,"The Running Man wordt vaak afgedaan als de zoveelste Arnie-actiethriller vol explosies, slechte woordspelingen en geweervuur, en om eerlijk te zijn, daar zit ve"
Positive,Average,dutch,"Er zijn twee verschillende manieren om van dit vlot geschreven, baanbrekende tv-programma te genieten (de 'peetvader' van X-Files en Buffy, enz.); als een monst"
Positive,Average,english,"There's the danger with the critic/philosopher Slavoj Zizek with his film, directed by Sophie Fiennes, which takes together a wonderful amalgam of silent, horro"
Positive,Average,dutch,"Margaritas en Cock...<br /><br />Deze enorm vermakelijke film grijpt je vanaf de openingsscène en houdt nooit op met lachen, verrassingen en onverwacht ontroere"
Average,Positive,dutch,"Ik heb zojuist de hele 6 afleveringen op dvd bekeken. Het acteerwerk is overal uitstekend, daar bestaat geen twijfel over. Er was voor mij niet genoeg actie moe"
Positive,Average,dutch,"Ik moet deze 10 op 10 stemmen in de zeldzame kans dat ze deze recensie toevallig ziet, medelijden met me krijgt, me meeneemt naar Hollywood en me betrekt in haa"
Average,Negative,dutch,"Ik zou niet zo ver gaan om deze film niet aan te bevelen, aangezien de enige problemen die ik ermee heb te wijten zijn aan een overmatige blootstelling aan de p"
Positive,Average,dutch,Dit is de eerste Michael Vartan-film die ik heb gezien (ik heb Alias ​​niet gezien) en ik was benieuwd of de man kan acteren. Hij kan dat zeker en is sympathiek
Average,Positive,dutch,"Een brutaal deprimerend script, een aantal fijne rustige optredens van Peter Strauss en Pamela Reed en een aantal goede opnames op locatie in Ohio vormen de bas"
Negative,Positive,dutch,"Gangen van de tijd. De film die je kunt kijken als je op zoek bent naar een verfijnde manier van zelfmoord. Sommigen gebruiken geweren, touwen of gas, maar jij "
Average,Positive,dutch,"Curly Sue is een zesjarige met een overvloed aan haar en een leven als zwerver. Zij en haar vader, Bill (Jim Belushi), proberen op straat te overleven door klei"
Average,Positive,dutch,Het lezen van alle reacties is erg spannend. maar kan iemand mij alstublieft de naam vertellen van de echte kunstenaar die de foto's schilderde voor de uitzendi
Positive,Average,dutch,The Last Hunt van Richard Brooks was een filmster. Stewart Granger kon het niet eens verdragen om genoemd te worden. Hij verscheurde zelfs een vintage poster vo
Average,Positive,dutch,Ik hield niet van het pretentieuze en overschatte Apocalypse Now. Waarschijnlijk mijn favoriete film over de Vietnamoorlog is The Deer Hunter. De Deer Hunter co
Average,Positive,dutch,"Een documentaire zonder verlies van woorden... ooit...<br /><br />Laten we aannemen dat de vertelling meer is dan een parodie, laten we aannemen dat het een com"
Average,Positive,dutch,"Nadat ik Dick Tracy in de prullenbak van $ 6,99 bij Future Shop had gezien, besloot ik het eens te proberen zonder voorkennis en omdat ik een grote fan was van "
Positive,Average,dutch,"Dit Belgische pareltje zag ik twee dagen na het zien van 'American Teen'. Vergis je niet: de adolescentie is een achtbaanrit, of het nu Amerikaans of Europees i"
Positive,Average,english,"Finally, an indie film that actually delivers some great scares! I see most horror films that come out... Theatrical, Straight-To-DVD, cable, etc... and most of"
Positive,Average,dutch,"Toen deze film in 1976 in première ging, wordt er volgens de legende op massaal gejoel en minachting gereageerd; het werd algemeen als een mislukking beschouwd."
Positive,Average,dutch,Dit speelt zich af in het Praagse tijdperk van de werelddepressie en is het verhaal van een ambitieuze winkelbediende die verliefd wordt op een mysterieuze vrou
Average,Positive,dutch,Een bus vol passagiers komt vast te zitten tijdens een sneeuwstorm. De politie heeft de brug afgesloten omdat ze zeggen dat het onveilig is en ze zitten vast in
Positive,Negative,dutch,"Ik heb deze film meerdere keren vertoond hier op de universiteit, en elke keer als ik hem laat zien, groeit het aantal mensen dat samen met mij kijkt exponentie"
Average,Positive,dutch,Niets is leuker voor mij dan een who-dun-it- of suspense-verhaal waarbij je de hele tijd blijft raden hoe het geheel zal eindigen. En dat is precies wat er gebe
Positive,Average,english,"And I am a Nicole Kidman fanatic. I would pay to see and hear her read the Moscow phone book, which, for all I know, she may have been doing when she was speaki"
Positive,Average,dutch,Ik vond dit een uiterst charmante film. Het verhaal lijkt een nauwelijks verhulde autobiografie van John Waters te zijn: Peckers grootste gave is zijn vermogen
Average,Positive,dutch,"Doordrenkt van symboliek en gevuld met prachtige cinematografie, is Extase zoveel meer dan het erotische drama dat we allemaal gewend zijn. Dit is bijna een sto"
Positive,Average,dutch,"Alle mensen die hier zitten en zeggen dat de zwakke schakel van deze film de Ramones zijn, zouden waarschijnlijk zeggen dat Amadeus oké was, ware het niet dat d"
Positive,Average,dutch,Eerlijk gezegd is deze serie net zo goed een klassieker (zoals de televisie het zegt) als het originele gedicht voor de wereldliteratuur is. Verre van grof uitb
Average,Positive,dutch,"Ik vond de AWTWB van Tom Barman erg goed. Je moet het gewoon over je heen laten komen en ervan genieten zolang het duurt, en niets verwachten. Het is alsof je o"
Negative,Average,dutch,"De komische kracht van Pryor en Gleason kon deze hond niet redden van het flinterdunne plot, het zwakke script, het sombere acteerwerk en de lachwekkende contin"
Average,Positive,dutch,"Broers met psychokinetische krachten (ja, echt waar) duelleren niet alleen om de genegenheid van Debra Winger, maar eigenlijk over een geheim uit hun kindertijd"
Average,Positive,dutch,Net als bij een stel jongens op school moeten we dit een duim omhoog geven. Zelfs de Grim Ripper liet ons glimlachen. Die twee buitenaardse dingen maakten me aa
Positive,Average,dutch,Guys and Dolls is een film die snakt naar een remake. Het is achtenveertig jaar geleden gemaakt. De twee belangrijkste sterren zijn dood of wegen 409 pond. Hoew
Average,Positive,dutch,"Degenen die zo vroeg in de eeuw de filmcamera gebruikten, moeten al heel vroeg een deel van de mogelijkheden ervan hebben ontdekt. Dit is een goed verhaal van e"
Average,Positive,dutch,"Hmmm, ja, deze aflevering wordt extreem onderschat.<br /><br />Ook al wordt er VEEL slecht geschreven en geacteerd. Ik denk dat het goede het wint van het slech"
Average,Positive,dutch,"Het is voornamelijk het verhaal van twee mannen die deel uitmaakten van de Portugese revolutie. Het was gemakkelijk om de wedstrijd te begrijpen, maar meestal v"
Positive,Average,dutch,"Dit is geen slechte film. Het volgt de nieuwe conventies van de moderne horror, dat wil zeggen de film in een film, waarbij de bekende actrice in de eerste scèn"
Positive,Average,dutch,George en Kim reizen met hun jonge zoon Miles naar een afgelegen hut in de staat New York wanneer hun auto een hert raakt en in een greppel terechtkomt. Maar wa
Average,Positive,english,"First it was Jack The Ripper, now it is Alan Feinstone. The crazy dentist tortures people in horrific ways. Quite realistic at times but some of the acting is a"
Positive,Average,dutch,"Om te beginnen ben ik altijd fan geweest van de Batman-tekenfilms omdat het thema zo universeel is, 'dat iedereen die leeft een alter ego heeft'. Dit is waar in"
Positive,Average,dutch,Ik vond de film een ​​beetje raar. In de openingsscène wordt een persoon zonder reden vermoord. Hij wordt niet meer genoemd. De speciale effecten hadden ook bet
Positive,Average,dutch,Deze film kon pas in de jaren zeventig ontstaan!! Het is een bizarre actiefilm die zich afspeelt in een klein arbeidersstadje in Californië. Een soort molen of
Positive,Average,dutch,Verschillende jonge Iraanse vrouwen verkleden zich als jongens en proberen mee te doen aan een WK-kwalificatiewedstrijd tussen Iran en Bahrein. Wanneer ze worde
Negative,Positive,dutch,"Ik zag deze film voor het eerst in de bioscoop, toen ik tien was. Zelfs op die leeftijd was de 'humor' lichtelijk beledigend voor mijn adolescente intelligentie"
Negative,Average,dutch,WAARSCHUWING: MOGELIJKE SPOILERS (Niet dat het je iets kan schelen. Sorry voor de hoofdletters.)<br /><br />Beginnend met een onnodig dramatische stem die des t
Average,Positive,dutch,"Ik werk in een bibliotheek en verwachtte dat ik deze film leuk zou vinden toen hij vijf jaar geleden uitkwam. Nou, ik vond Parker Posey erg leuk (ze is een gewe"
Positive,Average,dutch,"Het Amerikaanse filmdebuut van Greta Garbo is een analogie van hoe ons leven door het lot en onze daden van koers kan worden veranderd, als in een stortvloed, w"
Average,Positive,dutch,Viggo Mortensen schittert als een nieuwe gevangene van een spookachtige gevangenis waarin de directeur (Goed gespeeld door Lane Smith) een griezelig geheim heef
Negative,Average,dutch,"Deze eigenaardigheid in de nieuwe DORIS DAY COLLECTION hoeft niet echt te worden opgenomen, aangezien ze maar minder dan 30 minuten in de film speelt. Wat ze we"
Average,Positive,dutch,"Toen ik hoorde dat Patrick Swayze eindelijk terugkeerde naar zijn acteercarrière bij KING SOLOMON'S MINES, was ik erg opgewonden. Ik verwachtte een geweldig Ind"
Average,Positive,dutch,"Pufnstuf is wat het is. Ik zag dit in de bioscoop toen ik vier was en ik heb er hele goede en levendige herinneringen aan. Als je dit als volwassene ziet, kun j"
Positive,Average,english,"Every great gangster movie has under-currents of human drama. Don't expect an emotional story of guilt, retribution and despair from ""Scarface"". This is a tale "
Average,Positive,dutch,"Panic is een boeiende, wazige film over de verzoening van een sombere en conflicterende huurmoordenaar van middelbare leeftijd met een jongere ongeremde haarsty"
Positive,Average,dutch,"Het uitgangspunt lijkt misschien maf, maar aangezien Murphy's personage het niet serieus neemt, helpt het het publiek kennis te maken met deze mix van mystiek e"
Negative,Average,english,"This is easily the worst movie i have EVER seen. I'm not exaggerating, I told the guy at Blockbuster that they should take it off the shelves. The only thing in"
Average,Positive,dutch,Ik moet beginnen met te vertellen hoe ik deze film tegenkwam. Het was winter in Alaska rond het jaar 1990. Een vriend van mij uit Australië logeerde bij mij en
Average,Positive,dutch,"Voordat ik commentaar geef op deze film, moet je je realiseren dat toen ik deze film zag, ik de typische onzin, horror, B-film verwachtte en gewoon plezier wild"
Average,Positive,dutch,Het literaire genie van Vladimir Navokov wordt opnieuw op het scherm gebracht en velen in de gecultiveerde wereld zullen dit opmerken. De regisseur zet ons onde
Positive,Average,dutch,"Zoals bij alle films van Angelopoulos vereist 'The Suspended Step of the Stork' impliciet een nauwe en intieme deelname van de kijker, een feit dat zeker heeft "
Negative,Average,dutch,"Blank Check is een van die kinderfilms die een geweldige spannende thriller voor de kinderen had kunnen zijn, maar in plaats daarvan is het een vermoeide, saaie"
Average,Negative,dutch,Een stel Amerikaanse studenten en hun docent besluiten het lelijkste deel van Ierland te bezoeken om eeuwenoude religieuze praktijken te bestuderen. Ondanks dat
Average,Positive,dutch,"In het begin van de jaren zeventig hadden velen van ons, die de hippie/acid/alternatieve cultuur met heel hun hart hadden omarmd, zich gerealiseerd dat de regul"
Negative,Average,dutch,"Toen ik deze film voor het eerst zag, dacht ik dat het een goede sasquatch-film zou worden. Als je dit soort films hebt, is er meestal EEN sasquatch, maar in de"
Average,Positive,dutch,"Foxes is een film die ik me herinner vanwege de vertolking van tieners eind jaren zeventig. Omdat ik precies de leeftijd van Jodie Foster heb, voelde ik me verw"
Positive,Average,dutch,"Ik vond deze film leuk. Het was best gaaf. Het heeft het allemaal: auto's, geweerschieten, vechten en zelfs een symbolisch meisje. In geen van deze dingen blink"
Positive,Average,english,"I wasn't aware of Steve McQueen in 1958. I only knew that I was extremely frightened about going to see this film. (I'd been devastated by the movie ""Trantula"" "
Average,Positive,dutch,"Toen ik de titel voor het eerst zag, was ik al het thema van de film aan het afleiden - het was duidelijk geen verwijzing naar de Britse munt, dus het moest Sha"
Positive,Average,dutch,De eerste aflevering gaf meteen een goede indruk wat je van de serie kon verwachten! Mysteries die wachten om opgelost te worden en veel goed drama! Ik vind het
Average,Positive,dutch,Zoals iemand anders al zei: dit is een feelgoodfilm. Het heeft een prachtig landschap en de wonderbaarlijke stem van Luciano! Ik heb deze film al vaak gezien en
Positive,Average,dutch,"Norman, ben jij dat? was (dit is allemaal uit de derde hand, dus neem het met een korreltje zout) aangepast aan een Afro-Amerikaanse familie van een Joodse fami"
Average,Positive,dutch,Gus Van Sant heeft een aantal uitstekende films gemaakt. Ik ben echt een fan.<br /><br />Ik kan echter niet anders dan het gevoel hebben dat de cerebrale scherp
Positive,Average,english,"A surprisingly complex and well crafted study of ""The First"" serial killer in the USSR. Set in the days of perestroika this intense piece is brought to full lif"
Average,Positive,dutch,"magellan33 zei: ""Je kunt alleen zoveel doen als de twee sterren van de show alleen door één medecastlid kunnen worden gezien.""<br /><br />Ik neem dus aan dat je"
Positive,Average,dutch,"De Grot' is een geweldige Nederlandse thriller, gebaseerd op het boek van Tim Krabbé. Van een ander boek van hem, 'Het Gouden Ei', werd in 1988 de grote Nederla"
Positive,Average,dutch,"Deze vroege korte biografie was zo leuk om naar te kijken. De tweede op schijf één van D.W. Griffith's ""Years of Discovery"" dvd-set (sterk aanbevolen) bevat dri"
Average,Positive,dutch,"Deze film gaat over het leven van koningin Victoria tijdens haar jeugd en haar eerste jaren als monarch van Groot-Brittannië.<br /><br />""The Young Victoria"" he"
Average,Positive,dutch,"Once in the Life betekent dat eens een gangster, altijd een gangster, en niemand gratis in of uit 'The Life' komt. Buurtcriminelen in New York verkopen drugs en"
Positive,Average,dutch,"Gevoelige film ontbeert briljantheid en, tot op zekere hoogte, narratieve structuur, maar is desalniettemin voortreffelijk gefilmd en uitgevoerd. Het punt van d"
Positive,Average,dutch,"Ik verzamel horrorfilms van over de hele wereld en ik heb de goede en de zeer slechte gezien - Zombie Bloodbath is een low-budget video. Zeker, het acteerwerk i"
Average,Positive,dutch,"Rich in Love is een slice-of-life-film die de kijker meeneemt in het reilen en zeilen van een ietwat eigenzinnige familie uit Charleston, SC. Zeer geromantiseer"
Negative,Average,dutch,Was dit de beste film die ik ooit heb gezien? Nee. Was het het ergste? Nee.<br /><br />Als moeder van vier kinderen is het leuk om naar iets te kijken dat licht
Average,Positive,dutch,Oscarwinnaar Robert Redford (Beste Regisseur. Ordinary People 1980) legt de majesteit van de wildernis van Montana en de kracht van de Amerikaanse familie vast
Average,Positive,dutch,"Een wetenschappelijk team van het Pentagon lijkt een serum te hebben geperfectioneerd dat onzichtbaarheid veroorzaakt, maar wanneer de leidende techneut het op "
Positive,Average,dutch,"Ik wist het niet zeker toen ik hoorde dat dit uitkwam. Ik zat te denken hoe dom Disney aan het worden is. Ik had het mis. Ik vond het heel goed. Ik bedoel, het "
Average,Positive,dutch,Als kind was ik dol op dit spel. Ik heb het in het voorjaar van 1993 een miljoen keer gespeeld met mijn vriend Andrew. Ik speelde Axel of Blaze en hij zou Adam
Positive,Average,dutch,"Clair Denis herhaalt opnieuw haar thema van vervreemde vaders, mannen die op vastberaden wijze hun eigen geluk volgen, zonder acht te slaan op de emotionele tol"
Positive,Average,dutch,"Frank McCarthy, die de met een Academy Award bekroonde biografische film Patton produceerde, vervolgt deze met een krachtig eerbetoon aan een andere Amerikaanse"
Positive,Average,dutch,"Wanneer je in een sombere of depressieve stemming bent, ga dan deze film kijken. Het getuigt van veel schoonheid en vreugde in een heel eenvoudige alledaagse se"
Average,Positive,dutch,"Als je Mother Night hebt gelezen en er zo van hebt genoten (zoals ik deed) dat je gewoon de film moet zien, begrijp dan dat je een fundamenteel element van Vonn"
Average,Positive,dutch,De film is gebaseerd op de heroïsche regels van Kipling die de inspiratie vormden voor Hollywood's grootste film uit 1939. Uit het drumritme van Kipling's beroe
Average,Positive,dutch,"Deze film is volgens mij in Hongarije gemaakt. hoe dan ook, het platteland is prachtig, de mensen die de boerenrol speelden waren absoluut fascinerend. hun rijk"
Average,Negative,dutch,"Deze show heeft alle typische karakters van een komedie: de goede kerel, de idioot, de viezerik, het rijke meisje... maar het speelt zich af in de jaren '70. Da"
Negative,Positive,dutch,Er was niet één enkele verlossende factor in deze film. De vriendin en ik houden allebei van actiefilms. Vooral vechtscènes (Bloodsport en Kickboxer waren gewel
Positive,Average,english,"Shower keeps within itself in so many ways. Almost all of the movie takes place in an old- time bathhouse, with the denizens supplying the humor, pathos, and em"
Negative,Positive,dutch,Het moet het meest oubollige tv-programma op de ether zijn. Dit is waarschijnlijk een ontsnapping voor Jim Belushi en al zijn slechte films. Zijn broer zoog al
Positive,Average,english,"Sisters In Law is made by the same directors of the rather curiously fascinating 'Divorce, Iranian Style' which was as exactly as it stated, as we got a glimpse"
Average,Positive,dutch,"Op zoek naar Quo Vadis in mijn plaatselijke videotheek, vond ik deze versie uit 1985 die er interessant uitzag. Wauw! Het was geweldig! Een film van het type Ke"
Positive,Average,dutch,"Omdat dit een van de meest favoriete romans is, was ik erg opgewonden om de verhuizing te zien. Ik werd niet teleurgesteld! Ja, natuurlijk zijn er een paar ding"
Positive,Average,dutch,"Ik leunde achterover en keek naar 'Read My Lips', een bord Freedom Fries voor me. Het eten werd snel vergeten toen ik in beslag werd genomen door de originele e"
Positive,Average,dutch,"Eigenlijk geen slecht woord over deze film. Ik was er in eerste instantie niet van onder de indruk, maar het groeide snel. Ik vind het erg leuk en ik vind het j"
Average,Positive,dutch,Hoe is 'Cry Freedom'? Het is gewoon een geweldige en unieke ervaring over het maken van Zuid-Afrika en hoe zwarte mensen in dat land werden onderdrukt door blan
Positive,Average,dutch,"Leuke karakterontwikkeling in een best coole omgeving. Als man ben ik waarschijnlijk niet gekwalificeerd om het volledig te begrijpen, maar ze doen er goed aan "
Positive,Average,dutch,"Deze film lijkt vandaag misschien gedateerd, maar onthoud dat hij werd gemaakt in 1974 - vóór Saturday Night Live, vóór Howard Stern, toen George Carlin net voo"
Average,Negative,dutch,Slechts twee opmerkingen....ZEVEN jaar verschil? Nauwelijks bewijs van de meedogenloze aantrekkingskracht van de film! Zoals gezegd is de low-budget telemovie-s
Positive,Negative,dutch,"Als de makers van deze film ook maar een poging hadden gedaan om de realiteit in de plot te introduceren, zou dat alleen maar een verspilling van tijd, geld en "
Positive,Average,dutch,"Dit is een lauw docudrama dat geen nieuw terrein bestrijkt, alle clichés herwerkt en slordig is met feiten. München is bijvoorbeeld een zeer vlakke stad. Dus wa"
Negative,Average,english,"I'm not a huge Freddy Krueger fan,but that doesn't mean that I don't like Robert Englund and his other Nightmare on Elm Street movies.I think that Robert is a v"
Positive,Average,dutch,De eerste was goed en origineel. Ik was een goede horror/komediefilm. Dus ik hoorde dat er een tweede was gemaakt en die moest ik bekijken.<br /><br />Wat deze
Negative,Average,dutch,"Het gerucht gaat dat toen de technische adviseurs van NASA voor deze film werden gevraagd om het beeld geloofwaardig te houden, ze urenlang moesten lachen. Tenz"
Average,Positive,dutch,"Nou, persoonlijk houd ik niet van rap, maar ik vond Fear of a Black Hat nog steeds hilarisch. Ik weet zeker dat ik geen inside jokes heb gekregen, maar sommige "
Average,Positive,dutch,"Ik heb genoten van deze film. Het was luchtig, verrukkelijk en heel kleurrijk. Je kunt zien dat MGM Technicolor liet zien. Er zijn vrijwel geen kleuren die niet"
Negative,Positive,dutch,"als je niet in de jaren 90 hebt geleefd of OOIT naar rapper hebt geluisterd!! deze film is misschien oké voor jou, maar voor elke fan of elke persoon die ooit n"
Positive,Average,dutch,"The Intruder (L'Intrus) is een visuele pelgrimstocht door een mysterieus leven. <br /><br />Grizzled Michel Subor speelt ""Louis Trebor"" zoals Jason Bourne als e"
Negative,Positive,dutch,"Zeer teleurstellende versie van Lorna Doone. Te veel ontbrekende personages, geen romantische scènes, veranderingen in verhaallijn, te kort, leek low budget. Na"
Average,Positive,dutch,"Jarenlang heb ik gedacht dat deze geweldige servicekomedie een product van John Ford was, vooral met Victor McLaglen als een van de hoofdrolspelers. Het heeft z"
Positive,Average,dutch,"De film, gebaseerd op St. Ives van Robert Louis Stevenson, vertelt het verhaal van een onstuimige jonge Franse huzarenkapitein (Jean Marc Barr) tijdens de Napol"
Positive,Average,dutch,"Hé nu, ik kan niet beweren dat ik alle films van Jesse (Jezus) Franco heb gezien, en er lijken er zeker veel te zijn, maar dit is een van de betere (en vreemder"
Average,Positive,dutch,"8 Simple Rules is een grappige show, maar het bevat ook enkele levenslessen, vooral een volwassen les over verder gaan na een nederlaag, namelijk de aflevering "
Positive,Average,dutch,"vreselijk onderschat met Matt Dillon en Tom Skerritt, goede achtergrond voor een solide verhaal en enkele memorabele regels, goed geacteerd en goed gecast, Tomm"
Average,Positive,dutch,Deze voor televisie gemaakte versie van het legendarische standpunt tegen hopeloze verwachtingen is objectiever en realistischer dan eerdere gefilmde versies va
Average,Positive,dutch,Dit is een perfecte serie om met het hele gezin te bekijken. We verzamelen ons rond de tv om dit op BBC America te bekijken. Het is een moderne versie van Robin
Average,Positive,dutch,"DANIEL DAY-LEWIS doet opmerkelijk werk door Christy Brown te spelen, de kunstenaar die opgroeide met hersenverlamming maar erin slaagde een productief leven te "
Positive,Average,dutch,"Dog Bite Dog zal niet voor iedereen geschikt zijn, maar ik heb er echt van genoten. Vol met slaan, steken en schieten (maar maak je geen zorgen – de leiding is "
Positive,Average,dutch,"(Het is niet nodig om de plot samen te vatten, aangezien anderen dat al hebben gedaan.)<br /><br />Het is begrijpelijk dat veel kijkers kritiek hebben op de fil"
Positive,Average,dutch,"Ik heb in mijn studententijd veel tv-films gezien, waarvan het merendeel de normale tijdverspilling was die de Amerikaanse televisie weggooit. Deze was echter g"
Average,Positive,dutch,"Hoewel ik dol was op deze film, stelden de trailers die het jaar voordat hij in de bioscoop verscheen op internet circuleerden mijn verwachtingen een beetje hoo"
Positive,Average,english,"Best of the Zorro serials and one of my favorite serials, period. This is a period serial set right after the birth of Mexico. The new nation is counting on the"
Average,Positive,dutch,"We hebben echt genoten van Grey Owl: een eenvoudig verhaal, goed verteld op de klassieke Attenborough-manier: een beetje te geromantiseerd, met archetypen, humo"
Positive,Average,dutch,Van de regisseur van de films 'Last Seduction' en 'Kill me again' komt nog een film in noir-stijl. John Dahl creëerde begin jaren negentig een niche voor zichze
Average,Positive,dutch,Redelijk goede romantische komedie waarin ik Meg er volgens mij nog nooit zo schattig uit heb zien zien. Alle spelers hebben goed hun best gedaan om dit levendi
Average,Positive,dutch,"Crush biedt een combinatie van drama, humor en zoveel ironie dat de Engelsen volgens mij heel goed overkomen als het om zaken van het hart gaat. Vooral bekend v"
Positive,Average,english,Henry Fonda brilliantly captures what we have long believed Abraham Lincoln was like. It is a fooler. Through Fonda's performance we are led to believe (on the
Positive,Average,dutch,"In 1930 kreeg Europa een behoorlijke schok toen Luis Bunuels 'L'Age Dor' werd uitgebracht, wat een rel veroorzaakte in Parijs toen het daar werd vertoond, met a"
Average,Positive,dutch,"Het is moeilijk om geen voorliefde te hebben voor de Israëlische regisseur Eytan Fox en voor zijn films, die het leven in het Midden-Oosten beschrijven en de in"
